20|Small Aibatt21|Aibatt22|Captain Aibatt23|Giant Aibatt96|Small Mushpang97|Mushpang98|Captain Mushpang99|Giant Mushpang24|Small Burudeng25|Burudeng26|Captain Burudeng27|Giant Burudeng28|Small Pukepuke29|Pukepuke30|Captain Pukepuke31|Giant Pukepuke524|Small Peakyturtle525|Peakyturtle526|Captain Peakyturtle527|Giant Peakyturtle88|Urchin Demian89|Demian90|Bad Demian91|Giant Demian32|Small Doridoma33|Doridoma34|Captain Doridoma35|Giant Doridoma36|Young Lawolf37|Lawolf38|Grownup Lawolf39|Giant Lawolf60|1st Class Fefern61|Fefern62|2nd Class Fefern63|Giant Fefern40|Cute Nyangnyang41|Nyangnyang42|Creep Nyangnyang43|Giant Nyangnyang44|Bang45|Captain Bang46|Boss Bang47|Giant Bang48|Small Wagsaac49|Wagsaac50|Captain Wagsaac51|Giant Wagsaac120|Small Mia121|Mia122|Captain Mia123|Giant Mia68|Stale Mr. Pumpkin69|Mr. Pumpkin70|Rotten Mr Pumpkin71|Giant Mr. Pumpkin64|Red Mantis C65|Red Mantis B66|Red Mantis A67|Giant Red Mantis552|Small Jack the Hammer553|Jack the Hammer554|Captain Jack the Hammer555|Giant Jack the Hammer400|Small Giggle Box401|Giggle Box402|Captain Giggle Box403|Giant Giggle Box92|Small Rock Muscle93|Rock Muscle94|Captain Rock Muscle95|Giant Rock Muscle528|Small Hobo529|Hobo530|Captain Hobo531|Giant Hobo544|Small Dumb Bull545|Dumb Bull546|Captain Dumb Bull547|Giant Dumb Bull103|Small Totemia104|Totemia105|Captain Totemia106|Giant Totemia84|Maid Cardpuppet85|Cardpuppet86|Manager Cardpuppet87|Boss Cardpuppet56|Small Tombstone Bearer57|Tombstone Bearer58|Captain Tombstone Bearer59|Giant Tombstone Bearer72|Phantom Basque73|Basque74|Lumping Basque75|Giant Basque80|Small Mage Prankster81|Prankster82|Master Mage Prankster83|Giantmage Prankster52|Rough Wheelem53|Wheelem54|Bouncing Wheelem55|Giant Wheelem540|Small Leyena541|Leyena542|Captain Leyena543|Giant Leyena107|Small Steam Walker108|Steam Walker109|Captain Steam Walker110|Giant Steam Walker508|Small Steel Knight509|Steel Knight510|Captain Steel Knight511|Giant Steel Knight548|Small Nutty Wheel549|Nutty Wheel550|Captain Nutty Wheel551|Giant Nutty Wheel504|Small Driller505|Driller506|Captain Driller507|Giant Driller112|Small Volt113|Volt114|Captain Volt115|Giant Volt512|Small Elderguard513|Elderguard514|Captain Elderguard515|Giant Elderguard404|Small Garbagepider405|Garbagepider406|Captain Garbagepider407|Giant Garbagepider516|Small Crane Machinery517|Crane Machinery518|Captain Crane Machinery519|Giant Crane Machinery304|Small Mothbee305|Mothbee306|Captain Mothbee307|Giant Mothbee300|Small Flbyrigen301|Flbyrigen302|Captain Flbyrigen303|Giant Flbyrigen308|Small Rockepeller309|Rockepeller310|Captain Rockepeller311|Giant Rockepeller116|Small Circus Bear117|Circus Bear118|Captain Circus Bear119|Giant Circus Bear500|Small Greemong501|Greemong502|Captain Greemong503|Giant Greemong130|Small Pire131|Pire132|Captain Pire133|Giant Pire532|Small Clawdoll533|Clawdoll534|Captain Clawdoll535|Giant Clawdoll536|Small Carrierbomb537|Carrierbomb538|Captain Carrierbomb539|Giant Carrierbomb408|Small Rampage Butcher409|Small Rampage Butcher410|Captain Rampage Butcher411|Giant Rampage Butcher134|Small Froziest135|Froziest136|Captain Froziest137|Giant Froziest160|Small Burn Bird161|Burn Bird162|Captain Burn Bird163|Giant Burn Bird164|Clockworks190|Small Buketfoot191|Buketfoot192|Captain Buketfoot193|Giant Buketfoot560|Small Nuctuvehicle561|Nuctuvehicle562|Captain Nuctuvehicle563|Giant Nuctuvehicle568|Young Syliaca569|Syliaca570|Grownup Syliaca571|Giant Syliaca564|Small Risem565|Risem566|Captain Risem567|Giant Risem572|Small Zombiger573|Zombiger574|Captain Zombiger575|Giant Zombiger577|Small Flybat578|Flybat579|Captain Flybat580|Giant Flybat581|Small Bucrow582|Bucrow583|Captain Bucrow584|Giant Bucrow585|Small Scorpicon586|Scorpicon587|Captain Scorpicon588|Giant Scorpicon589|Small Trangfoma590|Trangfoma591|Captain Trangfoma592|Giant Trangfoma556|Mine Catcher557|Erons Catcher558|Krasec Catcher559|Guru Catcher622|Small Grrr623|Grrr624|Captain Grrr625|Giant Grrr646|Small Dump647|Dump648|Captain Dump649|Giant Dump618|Small Nautrepy619|Nautrepy620|Captain Nautrepy621|Giant Nautrepy602|Small Boo603|Boo604|Captain Boo605|Giant Boo638|Small Hoppre639|Hoppre640|Captain Hoppre641|Giant Hoppre630|Small Mushpoie631|Mushpoie632|Captain Mushpoie633|Giant Mushpoie598|Small Iren599|Iren600|Captain Iren601|Giant Iren594|Small Watangka595|Watangka596|Captain Watangka597|Giant Watangka626|Small Antiquery627|Antiquery628|Captain Antiquery629|Giant Antiquery606|Small Luia607|Luia608|Captain Luia609|Giant Luia642|Small Gongury643|Gongury644|Captain Gongury645|Giant Gongury614|Small Shuhamma615|Shuhamma616|Captain Shuhamma617|Giant Shuhamma650|Small Kern651|Kern652|Captain Kern653|Giant Kern610|Small Glaphan611|Glaphan612|Captain Glaphan613|Giant Glaphan654|Mutant Fefern655|Mutant Fefern King656|Mutant Giant 2nd Class Fefern657|Mutant Nyangnyang658|Mutant Nyangnyang Queen659|Mutant Giant Nyangnyang660|Mutant Bang661|Mutant Boss Bang662|Mutant Giant Bang King664|Worm Veduque665|Serus Uriel666|Vice Veduque100|Brazenface Pukepuke101|Heartless Bang102|Tough Rock Muscle111|Flying Aibatt199|Beast Mr. Pumpkin196|Master Demian197|Master Keakoon198|Master Muffrin669|Captain Guard593|Guru Catcher663|Venel Guardian688|Ren690|Rubo689|Sisif687|Shuraiture751|Babari750|Chaner752|Seido841|Kidler842|Shacalpion843|Hoiren844|Hunter X845|Kynsy800|Red Bang Troupe Member821|Emeraldmantis827|Lord Bang Hanoyan840|Mother Yoln846|Clocks811|Member of the Violet Magician Troupe812|Member of the Violet Magician Troupe816|Arc Master of the Violet Magician Troupe817|Red Bang Troupe Leader818|Lord Bang813|Organigor814|Gangard815|Hadeseor236|Santa237|Priest238|Chitos239|Polar Bear667|Guardian NPC668|Chaos Guardian NPC719|Criminal Fefern670|Criminal Wagsaac671|Criminal Mr. Pumpkin672|Criminal Gigglebox673|Criminal Hobo674|Criminal Cardpuppet675|Criminal Basque676|Criminal Leyena677|Criminal Steelknight678|Criminal Volt679|Criminal Garbagepider680|Criminal Greemong681|Criminal Hoppre682|Criminal Iren683|Criminal Watangka684|Criminal Luia685|Criminal Shuhamma686|Criminal Glaphan691|Keakoon Worker692|Keakoon Guard693|Keakoon Worker Leader694|Keakoon Guard Leader695|Elite Keakoon Worker696|Elite Keakoon Guard697|Elite Keakoon Worker Leader698|Elite Keakoon Guard Leader699|Mutant Keakoon Worker700|Mutant Keakoon Guard701|Mutant Keakoon Worker Leader702|Mutant Keakoon Guard Leader703|Pink Roach704|Blue Roach705|Pink Roach Queen718|Blue Roach Queen716|Pink Roach Larva717|Blue Roach Larva707|Green Trillipy708|Hazardous Green Trillipy709|Violet Trillipy710|Hazardous Violet Trillipy711|Blood Trillipy712|Hazardous Blood Trillipy713|Chimeradon714|Giant Chimeradon715|Meteonyker753|Red Meteonyker754|Blue Meteonyker755|Green Meteonyker874|Cyclops X820|Ant Turtle819|Big Muscle165|Big Muscle166|Krrr167|Mushmoot168|Small Mushpoie206|Beast Zombiger822|Lord Clockworks Alpha823|Brigadier General Crumple824|Lieutenant General Scythoid825|Air Marshall Spiketail826|General Glyphaxz855|Ivillis Crasher856|Ivillis Poisoner857|Ivillis Wrecker858|Ivillis Destroyer859|Ivillis Puppet860|Ivillis Thief861|Ivillis Guardian862|Ivillis Quaker863|Ivillis Mushellizer864|Ivillis Leanes865|Ivillis Red Otem866|Ivillis Black Otem867|Ivillis Boxter868|Ivillis Dandysher828|Soldier Chimeradon829|Brigadier Chimeradon830|Major Chimeradon832|Lieutenant Chimeradon832|General Chimeradon833|Private Bearnerky834|Specialist Bearnerky835|Sergeant Bearnerky836|Captian Bearnerky837|General Bearnerky634|Trainee Chef Muffrin635|3rd Chef Muffrin636|2nd Chef Muffrin637|1st Chef Muffrin838|Great Chef Muffrin520|Pawn Popcrank521|Knight Popcrank522|Rook Popcrank523|Bishop Popcrank839|Queen Popcrank904|Yetti905|Mutant Yetti906|Augu907|Mutant Augu908|Ghost of the Forgotten Prince909|Ghost of the Forgotten King911|Mammoth912|Cannibal Mammoth913|Collins914|Small Maid Cardpuppet915|Small Mia917|GM Lysis918|GM Demian919|GM Redsun920|GM Blackpure|